Workbook

Sheet 0. Cómo usar este Excel
A1: ARGOS · comandos del operador
A2: No memorices comandos. Completá 1. Config y 2. Generadores. Después copiá la celda verde o amarilla.
A4: Hoja | B4: Para qué
A5: 1. Config | B5: URL del collector, YAML, rampa, --lite. Se edita UNA vez por prueba.
A6: 2. Generadores | B6: IP de cada servidor. gen-01 ya tiene 216.185.51.83. Completá el resto.
A7: 3. En la PC | B7: Collector + túnel inverso. Sin esto el runner no aparece en el dashboard.
A8: 4. SSH por generador | B8: ssh root@IP de cada máquina. instance_id distinto por fila.
A9: 5. Instalar y actualizar | B9: clone, setup.sh, git pull, humo de 1 sonda.
A10: 6. Lanzar RAMPA | B10: EL comando de hoy: 10 filas, --instance-id gen-01 … gen-10.
A11: 7. Lanzar USERS fijo | B11: Si no querés rampa: --users y --duration.
A12: 8. Flota | B12: Los 10 de un tiro con fleet.sh y un run_id compartido.
A13: 9. Cortar y logs | B13: pkill, tail -f carga.log, informe.
A15: Sonda ≠ generador. Generador = una máquina (gen-01). Sonda = un Chromium adentro (probe-01). Vos lanzás UN comando por generador. ARGOS abre las sondas solo. Celdas amarillas = las editás. Celdas verdes = las copiás.

Sheet 1. Config
A1: ARGOS · cambiá estos valores y el resto de hojas arma los comandos
A3: Clave | B3: Valor (editá acá) | C3: Para qué
A4: repo | B4: https://github.com/kodeskia-byte/ARGOS.git | C4: git clone en un servidor nuevo
A5: dir | B5: ARGOS | C5: Carpeta del repo en el servidor (cd ARGOS)
A6: controller_url | B6: http://127.0.0.1:8080 | C6: Con túnel inverso el runner ve el collector en localhost
A7: flow | B7: flows/example.yaml | C7: YAML del journey
A8: data | C8: CSV opcional. Ej: flows/data.example.csv. Vacío = sin --data
A9: ramp | B9: 5@1m,15@3m,30@5m | C9: Rampa: usuarios@tiempo. Una sola corrida
A10: users | B10: 20 | C10: Solo si no usás rampa (escalón fijo)
A11: duration | B11: 10m | C11: Solo si no usás rampa
A12: abort_error | B12: 0.4 | C12: Corta si el error llega al 40%
A13: abort_cpu | B13: 90 | C13: Corta si la CPU del GENERADOR llega a 90%
A14: lite | B14: si | C14: si = --lite (capacidad). no = Chromium de usuario real
A15: ip_pc | B15: 127.0.0.1 | C15: IP de la PC donde corre el collector (para el túnel)
A16: puerto | B16: 8080 | C16: Puerto del Live Room
A17: user_ssh | B17: root | C17: Usuario SSH de los generadores
A19: El collector corre en tu PC con ./venv/bin/python (el python del sistema es 2.7 y se cae). El túnel inverso deja el 8080 de la PC en el 8080 de cada servidor. Por eso controller_url es http://127.0.0.1:8080 cuando lanzás desde el generador.

Sheet 2. Generadores
A1: Una fila = un SERVIDOR (generador). Las sondas probe-01, probe-02… las crea el runner adentro. El instance_id tiene que ser distinto: si dos máquinas dicen gen-01, el informe se mezcla.
A3: # | B3: instance_id | C3: ssh_destino (user@IP) | D3: IP sola | E3: Notas
A4: 1 | B4: gen-01 | C4: =CONCATENATE('1. Config'!$B$17,"@",D4) | D4: 216.185.51.83 | E4: Servidor que ya usamos
A5: 2 | B5: gen-02 | C5: =CONCATENATE('1. Config'!$B$17,"@",D5) | D5: IP_GEN_02 | E5: Completá la IP. Dejá la fila si no usás este servidor.
A6: 3 | B6: gen-03 | C6: =CONCATENATE('1. Config'!$B$17,"@",D6) | D6: IP_GEN_03 | E6: Completá la IP. Dejá la fila si no usás este servidor.
A7: 4 | B7: gen-04 | C7: =CONCATENATE('1. Config'!$B$17,"@",D7) | D7: IP_GEN_04 | E7: Completá la IP. Dejá la fila si no usás este servidor.
A8: 5 | B8: gen-05 | C8: =CONCATENATE('1. Config'!$B$17,"@",D8) | D8: IP_GEN_05 | E8: Completá la IP. Dejá la fila si no usás este servidor.
A9: 6 | B9: gen-06 | C9: =CONCATENATE('1. Config'!$B$17,"@",D9) | D9: IP_GEN_06 | E9: Completá la IP. Dejá la fila si no usás este servidor.
A10: 7 | B10: gen-07 | C10: =CONCATENATE('1. Config'!$B$17,"@",D10) | D10: IP_GEN_07 | E10: Completá la IP. Dejá la fila si no usás este servidor.
A11: 8 | B11: gen-08 | C11: =CONCATENATE('1. Config'!$B$17,"@",D11) | D11: IP_GEN_08 | E11: Completá la IP. Dejá la fila si no usás este servidor.
A12: 9 | B12: gen-09 | C12: =CONCATENATE('1. Config'!$B$17,"@",D12) | D12: IP_GEN_09 | E12: Completá la IP. Dejá la fila si no usás este servidor.
A13: 10 | B13: gen-10 | C13: =CONCATENATE('1. Config'!$B$17,"@",D13) | D13: IP_GEN_10 | E13: Completá la IP. Dejá la fila si no usás este servidor.
A15: Con 1 servidor solo usás la fila gen-01. Con 10, las 10. fleet.sh lee deploy/hosts.txt (una línea user@IP por máquina) y pone gen-01… gen-10 solo.

Sheet 3. En la PC
A1: Esto se corre en TU notebook, no en el servidor de carga
A3: Paso | B3: Dónde | C3: Comando (copiá la celda)
A4: 1. Collector (dejalo abierto) | B4: PC · terminal 1 | C4: ="cd ~/Música/ARGOS && ./venv/bin/python -m argos.controller.server --host 127.0.0.1 --port "&'1. Config'!B16
A5: 2. Túnel inverso (dejalo abierto) | B5: PC · terminal 2 | C5: ="ssh -N -o ServerAliveInterval=30 -o ExitOnForwardFailure=yes -R "&'1. Config'!B16&":127.0.0.1:"&'1. Config'!B16&" "&'2. Generadores'!C4
A6: 3. Dashboard | B6: Navegador en la PC | C6: ="http://127.0.0.1:"&'1. Config'!B16
A7: 4. Si el puerto 8080 está ocupado | B7: PC | C7: fuser -k 8080/tcp
A8: 5. NO uses python a secas | B8: PC | C8: # el python del sistema es 2.7. Siempre ./venv/bin/python
A9: 6. git pull en la PC (código nuevo) | B9: PC · carpeta ARGOS | C9: cd ~/Música/ARGOS && git pull
A10: 7. Reiniciar collector después de git pull | B10: PC · terminal 1 | C10: Ctrl+C y volvé a lanzar el paso 1. Python no recarga el HTML solo.

Sheet 4. SSH por generador
A1: Conectarte a cada servidor. Una fila = un generador. El instance_id ya va distinto.
A3: instance_id | B3: Conectar | C3: Una vez adentro | D3: Salir
A4: ='2. Generadores'!B4 | B4: ="ssh "&'2. Generadores'!C4 | C4: ="cd "&'1. Config'!B5 | D4: exit
A5: ='2. Generadores'!B5 | B5: ="ssh "&'2. Generadores'!C5 | C5: ="cd "&'1. Config'!B5 | D5: exit
A6: ='2. Generadores'!B6 | B6: ="ssh "&'2. Generadores'!C6 | C6: ="cd "&'1. Config'!B5 | D6: exit
A7: ='2. Generadores'!B7 | B7: ="ssh "&'2. Generadores'!C7 | C7: ="cd "&'1. Config'!B5 | D7: exit
A8: ='2. Generadores'!B8 | B8: ="ssh "&'2. Generadores'!C8 | C8: ="cd "&'1. Config'!B5 | D8: exit
A9: ='2. Generadores'!B9 | B9: ="ssh "&'2. Generadores'!C9 | C9: ="cd "&'1. Config'!B5 | D9: exit
A10: ='2. Generadores'!B10 | B10: ="ssh "&'2. Generadores'!C10 | C10: ="cd "&'1. Config'!B5 | D10: exit
A11: ='2. Generadores'!B11 | B11: ="ssh "&'2. Generadores'!C11 | C11: ="cd "&'1. Config'!B5 | D11: exit
A12: ='2. Generadores'!B12 | B12: ="ssh "&'2. Generadores'!C12 | C12: ="cd "&'1. Config'!B5 | D12: exit
A13: ='2. Generadores'!B13 | B13: ="ssh "&'2. Generadores'!C13 | C13: ="cd "&'1. Config'!B5 | D13: exit

Sheet 5. Instalar y actualizar
A1: Correr en CADA generador (después de ssh). Primera vez = instalar. Después = git pull.
A3: Cuándo | B3: Qué | C3: Comando
A4: Servidor nuevo | B4: Clonar el repo | C4: ="git clone "&'1. Config'!B4&" && cd "&'1. Config'!B5
A5: Servidor nuevo | B5: Instalar generador (venv, Chromium, fuentes PDF) | C5: ="cd "&'1. Config'!B5&" && ./deploy/setup.sh"
A6: Solo la PC del collector, si el collector va en un VPS | B6: Instalar collector como servicio | C6: ="cd "&'1. Config'!B5&" && ./deploy/setup.sh --with-collector"
A7: Antes de cada prueba | B7: Bajar el código nuevo | C7: ="cd "&'1. Config'!B5&" && git pull"
A8: Verificar que ARGOS responde | B8: Tiene que imprimir ok | C8: ="cd "&'1. Config'!B5&" && ./venv/bin/python -c ""import argos; print('ok')"""
A9: Ver la hora (NTP) | B9: Las 10 máquinas tienen que coincidir | C9: date
A10: Humo: 1 sonda 30 s (este generador) | B10: Reemplazá gen-01 por el instance_id de ESTA máquina | C10: ="cd "&'1. Config'!B5&" && ./venv/bin/python runner.py --users 1 --duration 30s --flow "&'1. Config'!B7&" --controller-url "&'1. Config'!B6&" --instance-id gen-01"

Sheet 6. Lanzar RAMPA
A1: PEGÁ UN COMANDO POR SERVIDOR. Cada uno tiene --instance-id distinto. nohup sobrevive si se corta el SSH. La rampa se edita en 1. Config (celda ramp).
A3: instance_id | B3: ssh_destino | C3: Comando a pegar EN ESE servidor | D3: Ver log
A4: ='2. Generadores'!B4 | B4: ='2. Generadores'!C4 | C4: ="cd "&'1. Config'!B5&" && nohup ./venv/bin/python runner.py --flow "&'1. Config'!B7&" --ramp "&'1. Config'!B9&" --abort-error "&'1. Config'!B12&" --abort-cpu "&'1. Config'!B13&" --controller-url "&'1. Config'!B6&" --instance-id "&'2. Generadores'!B4&IF('1. Config'!B8="",""," --data "&'1. Config'!B8)&IF('1. Config'!B14="si"," --lite","")&" > carga.log 2>&1 &" | D4: tail -f carga.log
A5: ='2. Generadores'!B5 | B5: ='2. Generadores'!C5 | C5: ="cd "&'1. Config'!B5&" && nohup ./venv/bin/python runner.py --flow "&'1. Config'!B7&" --ramp "&'1. Config'!B9&" --abort-error "&'1. Config'!B12&" --abort-cpu "&'1. Config'!B13&" --controller-url "&'1. Config'!B6&" --instance-id "&'2. Generadores'!B5&IF('1. Config'!B8="",""," --data "&'1. Config'!B8)&IF('1. Config'!B14="si"," --lite","")&" > carga.log 2>&1 &" | D5: tail -f carga.log
A6: ='2. Generadores'!B6 | B6: ='2. Generadores'!C6 | C6: ="cd "&'1. Config'!B5&" && nohup ./venv/bin/python runner.py --flow "&'1. Config'!B7&" --ramp "&'1. Config'!B9&" --abort-error "&'1. Config'!B12&" --abort-cpu "&'1. Config'!B13&" --controller-url "&'1. Config'!B6&" --instance-id "&'2. Generadores'!B6&IF('1. Config'!B8="",""," --data "&'1. Config'!B8)&IF('1. Config'!B14="si"," --lite","")&" > carga.log 2>&1 &" | D6: tail -f carga.log
A7: ='2. Generadores'!B7 | B7: ='2. Generadores'!C7 | C7: ="cd "&'1. Config'!B5&" && nohup ./venv/bin/python runner.py --flow "&'1. Config'!B7&" --ramp "&'1. Config'!B9&" --abort-error "&'1. Config'!B12&" --abort-cpu "&'1. Config'!B13&" --controller-url "&'1. Config'!B6&" --instance-id "&'2. Generadores'!B7&IF('1. Config'!B8="",""," --data "&'1. Config'!B8)&IF('1. Config'!B14="si"," --lite","")&" > carga.log 2>&1 &" | D7: tail -f carga.log
A8: ='2. Generadores'!B8 | B8: ='2. Generadores'!C8 | C8: ="cd "&'1. Config'!B5&" && nohup ./venv/bin/python runner.py --flow "&'1. Config'!B7&" --ramp "&'1. Config'!B9&" --abort-error "&'1. Config'!B12&" --abort-cpu "&'1. Config'!B13&" --controller-url "&'1. Config'!B6&" --instance-id "&'2. Generadores'!B8&IF('1. Config'!B8="",""," --data "&'1. Config'!B8)&IF('1. Config'!B14="si"," --lite","")&" > carga.log 2>&1 &" | D8: tail -f carga.log
A9: ='2. Generadores'!B9 | B9: ='2. Generadores'!C9 | C9: ="cd "&'1. Config'!B5&" && nohup ./venv/bin/python runner.py --flow "&'1. Config'!B7&" --ramp "&'1. Config'!B9&" --abort-error "&'1. Config'!B12&" --abort-cpu "&'1. Config'!B13&" --controller-url "&'1. Config'!B6&" --instance-id "&'2. Generadores'!B9&IF('1. Config'!B8="",""," --data "&'1. Config'!B8)&IF('1. Config'!B14="si"," --lite","")&" > carga.log 2>&1 &" | D9: tail -f carga.log
A10: ='2. Generadores'!B10 | B10: ='2. Generadores'!C10 | C10: ="cd "&'1. Config'!B5&" && nohup ./venv/bin/python runner.py --flow "&'1. Config'!B7&" --ramp "&'1. Config'!B9&" --abort-error "&'1. Config'!B12&" --abort-cpu "&'1. Config'!B13&" --controller-url "&'1. Config'!B6&" --instance-id "&'2. Generadores'!B10&IF('1. Config'!B8="",""," --data "&'1. Config'!B8)&IF('1. Config'!B14="si"," --lite","")&" > carga.log 2>&1 &" | D10: tail -f carga.log
A11: ='2. Generadores'!B11 | B11: ='2. Generadores'!C11 | C11: ="cd "&'1. Config'!B5&" && nohup ./venv/bin/python runner.py --flow "&'1. Config'!B7&" --ramp "&'1. Config'!B9&" --abort-error "&'1. Config'!B12&" --abort-cpu "&'1. Config'!B13&" --controller-url "&'1. Config'!B6&" --instance-id "&'2. Generadores'!B11&IF('1. Config'!B8="",""," --data "&'1. Config'!B8)&IF('1. Config'!B14="si"," --lite","")&" > carga.log 2>&1 &" | D11: tail -f carga.log
A12: ='2. Generadores'!B12 | B12: ='2. Generadores'!C12 | C12: ="cd "&'1. Config'!B5&" && nohup ./venv/bin/python runner.py --flow "&'1. Config'!B7&" --ramp "&'1. Config'!B9&" --abort-error "&'1. Config'!B12&" --abort-cpu "&'1. Config'!B13&" --controller-url "&'1. Config'!B6&" --instance-id "&'2. Generadores'!B12&IF('1. Config'!B8="",""," --data "&'1. Config'!B8)&IF('1. Config'!B14="si"," --lite","")&" > carga.log 2>&1 &" | D12: tail -f carga.log
A13: ='2. Generadores'!B13 | B13: ='2. Generadores'!C13 | C13: ="cd "&'1. Config'!B5&" && nohup ./venv/bin/python runner.py --flow "&'1. Config'!B7&" --ramp "&'1. Config'!B9&" --abort-error "&'1. Config'!B12&" --abort-cpu "&'1. Config'!B13&" --controller-url "&'1. Config'!B6&" --instance-id "&'2. Generadores'!B13&IF('1. Config'!B8="",""," --data "&'1. Config'!B8)&IF('1. Config'!B14="si"," --lite","")&" > carga.log 2>&1 &" | D13: tail -f carga.log
A15: Orden: 1) collector en la PC 2) túnel 3) git pull en cada gen 4) pegar el comando de esta hoja. Si usás un solo servidor, solo la fila gen-01. Con 10, las 10, lo más junto que puedas (o usá la hoja 8. Flota).

Sheet 7. Lanzar USERS fijo
A1: Escalón clásico (--users + --duration). Sin rampa. Editá users y duration en 1. Config.
A3: instance_id | B3: ssh_destino | C3: Comando a pegar EN ESE servidor
A4: ='2. Generadores'!B4 | B4: ='2. Generadores'!C4 | C4: ="cd "&'1. Config'!B5&" && nohup ./venv/bin/python runner.py --flow "&'1. Config'!B7&" --users "&'1. Config'!B10&" --duration "&'1. Config'!B11&" --controller-url "&'1. Config'!B6&" --instance-id "&'2. Generadores'!B4&IF('1. Config'!B8="",""," --data "&'1. Config'!B8)&IF('1. Config'!B14="si"," --lite","")&" > carga.log 2>&1 &"
A5: ='2. Generadores'!B5 | B5: ='2. Generadores'!C5 | C5: ="cd "&'1. Config'!B5&" && nohup ./venv/bin/python runner.py --flow "&'1. Config'!B7&" --users "&'1. Config'!B10&" --duration "&'1. Config'!B11&" --controller-url "&'1. Config'!B6&" --instance-id "&'2. Generadores'!B5&IF('1. Config'!B8="",""," --data "&'1. Config'!B8)&IF('1. Config'!B14="si"," --lite","")&" > carga.log 2>&1 &"
A6: ='2. Generadores'!B6 | B6: ='2. Generadores'!C6 | C6: ="cd "&'1. Config'!B5&" && nohup ./venv/bin/python runner.py --flow "&'1. Config'!B7&" --users "&'1. Config'!B10&" --duration "&'1. Config'!B11&" --controller-url "&'1. Config'!B6&" --instance-id "&'2. Generadores'!B6&IF('1. Config'!B8="",""," --data "&'1. Config'!B8)&IF('1. Config'!B14="si"," --lite","")&" > carga.log 2>&1 &"
A7: ='2. Generadores'!B7 | B7: ='2. Generadores'!C7 | C7: ="cd "&'1. Config'!B5&" && nohup ./venv/bin/python runner.py --flow "&'1. Config'!B7&" --users "&'1. Config'!B10&" --duration "&'1. Config'!B11&" --controller-url "&'1. Config'!B6&" --instance-id "&'2. Generadores'!B7&IF('1. Config'!B8="",""," --data "&'1. Config'!B8)&IF('1. Config'!B14="si"," --lite","")&" > carga.log 2>&1 &"
A8: ='2. Generadores'!B8 | B8: ='2. Generadores'!C8 | C8: ="cd "&'1. Config'!B5&" && nohup ./venv/bin/python runner.py --flow "&'1. Config'!B7&" --users "&'1. Config'!B10&" --duration "&'1. Config'!B11&" --controller-url "&'1. Config'!B6&" --instance-id "&'2. Generadores'!B8&IF('1. Config'!B8="",""," --data "&'1. Config'!B8)&IF('1. Config'!B14="si"," --lite","")&" > carga.log 2>&1 &"
A9: ='2. Generadores'!B9 | B9: ='2. Generadores'!C9 | C9: ="cd "&'1. Config'!B5&" && nohup ./venv/bin/python runner.py --flow "&'1. Config'!B7&" --users "&'1. Config'!B10&" --duration "&'1. Config'!B11&" --controller-url "&'1. Config'!B6&" --instance-id "&'2. Generadores'!B9&IF('1. Config'!B8="",""," --data "&'1. Config'!B8)&IF('1. Config'!B14="si"," --lite","")&" > carga.log 2>&1 &"
A10: ='2. Generadores'!B10 | B10: ='2. Generadores'!C10 | C10: ="cd "&'1. Config'!B5&" && nohup ./venv/bin/python runner.py --flow "&'1. Config'!B7&" --users "&'1. Config'!B10&" --duration "&'1. Config'!B11&" --controller-url "&'1. Config'!B6&" --instance-id "&'2. Generadores'!B10&IF('1. Config'!B8="",""," --data "&'1. Config'!B8)&IF('1. Config'!B14="si"," --lite","")&" > carga.log 2>&1 &"
A11: ='2. Generadores'!B11 | B11: ='2. Generadores'!C11 | C11: ="cd "&'1. Config'!B5&" && nohup ./venv/bin/python runner.py --flow "&'1. Config'!B7&" --users "&'1. Config'!B10&" --duration "&'1. Config'!B11&" --controller-url "&'1. Config'!B6&" --instance-id "&'2. Generadores'!B11&IF('1. Config'!B8="",""," --data "&'1. Config'!B8)&IF('1. Config'!B14="si"," --lite","")&" > carga.log 2>&1 &"
A12: ='2. Generadores'!B12 | B12: ='2. Generadores'!C12 | C12: ="cd "&'1. Config'!B5&" && nohup ./venv/bin/python runner.py --flow "&'1. Config'!B7&" --users "&'1. Config'!B10&" --duration "&'1. Config'!B11&" --controller-url "&'1. Config'!B6&" --instance-id "&'2. Generadores'!B12&IF('1. Config'!B8="",""," --data "&'1. Config'!B8)&IF('1. Config'!B14="si"," --lite","")&" > carga.log 2>&1 &"
A13: ='2. Generadores'!B13 | B13: ='2. Generadores'!C13 | C13: ="cd "&'1. Config'!B5&" && nohup ./venv/bin/python runner.py --flow "&'1. Config'!B7&" --users "&'1. Config'!B10&" --duration "&'1. Config'!B11&" --controller-url "&'1. Config'!B6&" --instance-id "&'2. Generadores'!B13&IF('1. Config'!B8="",""," --data "&'1. Config'!B8)&IF('1. Config'!B14="si"," --lite","")&" > carga.log 2>&1 &"

Sheet 8. Flota (10 de un tiro)
A1: Desde la PC, si ya tenés deploy/hosts.txt. Un run_id compartido. No pegues 10 ssh a mano.
A3: Paso | B3: Comando
A4: Armar hosts.txt (una vez) | B4: cp deploy/hosts.example.txt deploy/hosts.txt # y poné user@IP, una por línea
A5: Verificar SSH + Python + NTP | B5: ="cd ~/Música/ARGOS && ./deploy/fleet.sh --hosts deploy/hosts.txt --check"
A6: Rampa en todos (misma hora NTP) | B6: ="cd ~/Música/ARGOS && export ARGOS_CONTROLLER_URL="&'1. Config'!B6&" && ./deploy/fleet.sh --hosts deploy/hosts.txt --pull --at 18:30:00 --flow "&'1. Config'!B7&" --ramp "&'1. Config'!B9&" --abort-error "&'1. Config'!B12&" --abort-cpu "&'1. Config'!B13&IF('1. Config'!B14="si"," --lite","")&IF('1. Config'!B8="",""," --data "&'1. Config'!B8)
A7: Cortar toda la flota | B7: cd ~/Música/ARGOS && ./deploy/fleet.sh --hosts deploy/hosts.txt --stop

Sheet 9. Cortar y logs
A1: Emergencia y seguimiento. El instance_id no se usa para matar: se mata el runner de ESA máquina.
A3: Dónde | B3: Qué | C3: Comando
A4: Ese generador (ya adentro por SSH) | B4: Cortar la carga | C4: pkill -f runner.py
A5: Ese generador | B5: Ver si sigue vivo | C5: pgrep -af runner.py
A6: Ese generador | B6: Log en vivo | C6: tail -f carga.log
A7: Flota desde la PC | B7: Cortar los 10 | C7: cd ~/Música/ARGOS && ./deploy/fleet.sh --hosts deploy/hosts.txt --stop
A8: PC | B8: Collector como servicio | C8: sudo systemctl restart argos-collector
A9: PC | B9: Log del collector servicio | C9: sudo journalctl -u argos-collector -f
A10: Navegador | B10: Live Room | C10: ="http://127.0.0.1:"&'1. Config'!B16
A11: Navegador | B11: Informe de un generador | C11: ="http://127.0.0.1:"&'1. Config'!B16&"/informe?instance=gen-01&run=PEGÁ_EL_RUN_ID"
